﻿<?xml version="1.0"?>
<doc>
<assembly>
<name>
AirTool
</name>
</assembly>
<members>
<member name="T:AirTool.My.Resources.Resources">
<summary>
  A strongly-typed resource class, for looking up localized strings, etc.
</summary>
</member>
<member name="P:AirTool.My.Resources.Resources.ResourceManager">
<summary>
  Returns the cached ResourceManager instance used by this class.
</summary>
</member>
<member name="P:AirTool.My.Resources.Resources.Culture">
<summary>
  Overrides the current thread's CurrentUICulture property for all
  resource lookups using this strongly typed resource class.
</summary>
</member>
<member name="P:AirTool.My.Resources.Resources._1">
<summary>
  Looks up a localized resource of type System.Drawing.Bitmap.
</summary>
</member>
<member name="P:AirTool.My.Resources.Resources._1_stop_flight_128px">
<summary>
  Looks up a localized resource of type System.Drawing.Bitmap.
</summary>
</member>
<member name="P:AirTool.My.Resources.Resources._10">
<summary>
  Looks up a localized resource of type System.Drawing.Bitmap.
</summary>
</member>
<member name="P:AirTool.My.Resources.Resources._1585600">
<summary>
  Looks up a localized resource of type System.Drawing.Bitmap.
</summary>
</member>
<member name="P:AirTool.My.Resources.Resources._2">
<summary>
  Looks up a localized resource of type System.Drawing.Bitmap.
</summary>
</member>
<member name="P:AirTool.My.Resources.Resources._3">
<summary>
  Looks up a localized resource of type System.Drawing.Bitmap.
</summary>
</member>
<member name="P:AirTool.My.Resources.Resources._4">
<summary>
  Looks up a localized resource of type System.Drawing.Bitmap.
</summary>
</member>
<member name="P:AirTool.My.Resources.Resources._5">
<summary>
  Looks up a localized resource of type System.Drawing.Bitmap.
</summary>
</member>
<member name="P:AirTool.My.Resources.Resources._6">
<summary>
  Looks up a localized resource of type System.Drawing.Bitmap.
</summary>
</member>
<member name="P:AirTool.My.Resources.Resources._7">
<summary>
  Looks up a localized resource of type System.Drawing.Bitmap.
</summary>
</member>
<member name="P:AirTool.My.Resources.Resources._8">
<summary>
  Looks up a localized resource of type System.Drawing.Bitmap.
</summary>
</member>
<member name="P:AirTool.My.Resources.Resources._9">
<summary>
  Looks up a localized resource of type System.Drawing.Bitmap.
</summary>
</member>
<member name="P:AirTool.My.Resources.Resources.about_32px">
<summary>
  Looks up a localized resource of type System.Drawing.Bitmap.
</summary>
</member>
<member name="P:AirTool.My.Resources.Resources.add_new_32px">
<summary>
  Looks up a localized resource of type System.Drawing.Bitmap.
</summary>
</member>
<member name="P:AirTool.My.Resources.Resources.adobe_reader_icon">
<summary>
  Looks up a localized resource of type System.Drawing.Bitmap.
</summary>
</member>
<member name="P:AirTool.My.Resources.Resources.AfterTakeoff">
<summary>
  Looks up a localized resource of type System.Drawing.Bitmap.
</summary>
</member>
<member name="P:AirTool.My.Resources.Resources.AfterTakeoff_btn">
<summary>
  Looks up a localized resource of type System.Drawing.Bitmap.
</summary>
</member>
<member name="P:AirTool.My.Resources.Resources.aircraft">
<summary>
  Looks up a localized resource of type System.Drawing.Bitmap.
</summary>
</member>
<member name="P:AirTool.My.Resources.Resources.aircraft1">
<summary>
  Looks up a localized resource of type System.Drawing.Bitmap.
</summary>
</member>
<member name="P:AirTool.My.Resources.Resources.AIRLINE_AUDIOS">
<summary>
  Looks up a localized resource of type System.Drawing.Bitmap.
</summary>
</member>
<member name="P:AirTool.My.Resources.Resources.airplane_48px">
<summary>
  Looks up a localized resource of type System.Drawing.Bitmap.
</summary>
</member>
<member name="P:AirTool.My.Resources.Resources.airplane_take_off_48px">
<summary>
  Looks up a localized resource of type System.Drawing.Bitmap.
</summary>
</member>
<member name="P:AirTool.My.Resources.Resources.airplane_take_off_50px">
<summary>
  Looks up a localized resource of type System.Drawing.Bitmap.
</summary>
</member>
<member name="P:AirTool.My.Resources.Resources.airport_100px">
<summary>
  Looks up a localized resource of type System.Drawing.Bitmap.
</summary>
</member>
<member name="P:AirTool.My.Resources.Resources.altitude">
<summary>
  Looks up a localized resource of type System.Drawing.Bitmap.
</summary>
</member>
<member name="P:AirTool.My.Resources.Resources.amateure">
<summary>
  Looks up a localized resource of type System.Drawing.Bitmap.
</summary>
</member>
<member name="P:AirTool.My.Resources.Resources.announcements">
<summary>
  Looks up a localized resource of type System.Drawing.Bitmap.
</summary>
</member>
<member name="P:AirTool.My.Resources.Resources.arrow_down">
<summary>
  Looks up a localized resource of type System.Drawing.Bitmap.
</summary>
</member>
<member name="P:AirTool.My.Resources.Resources.arrow_left">
<summary>
  Looks up a localized resource of type System.Drawing.Bitmap.
</summary>
</member>
<member name="P:AirTool.My.Resources.Resources.arrow_right">
<summary>
  Looks up a localized resource of type System.Drawing.Bitmap.
</summary>
</member>
<member name="P:AirTool.My.Resources.Resources.arrow_up">
<summary>
  Looks up a localized resource of type System.Drawing.Bitmap.
</summary>
</member>
<member name="P:AirTool.My.Resources.Resources.arrow_up1">
<summary>
  Looks up a localized resource of type System.Drawing.Bitmap.
</summary>
</member>
<member name="P:AirTool.My.Resources.Resources.assign">
<summary>
  Looks up a localized resource of type System.Drawing.Bitmap.
</summary>
</member>
<member name="P:AirTool.My.Resources.Resources.atc">
<summary>
  Looks up a localized resource of type System.Drawing.Bitmap.
</summary>
</member>
<member name="P:AirTool.My.Resources.Resources.attention">
<summary>
  Looks up a localized resource of type System.IO.UnmanagedMemoryStream similar to System.IO.MemoryStream.
</summary>
</member>
<member name="P:AirTool.My.Resources.Resources.audio_50px">
<summary>
  Looks up a localized resource of type System.Drawing.Bitmap.
</summary>
</member>
<member name="P:AirTool.My.Resources.Resources.BeforeTakeoff_btn">
<summary>
  Looks up a localized resource of type System.Drawing.Bitmap.
</summary>
</member>
<member name="P:AirTool.My.Resources.Resources.bell_idle">
<summary>
  Looks up a localized resource of type System.Drawing.Bitmap.
</summary>
</member>
<member name="P:AirTool.My.Resources.Resources.beltsOff">
<summary>
  Looks up a localized resource of type System.Drawing.Bitmap.
</summary>
</member>
<member name="P:AirTool.My.Resources.Resources.beltsOff1">
<summary>
  Looks up a localized resource of type System.Drawing.Bitmap.
</summary>
</member>
<member name="P:AirTool.My.Resources.Resources.beltsOn2">
<summary>
  Looks up a localized resource of type System.Drawing.Bitmap.
</summary>
</member>
<member name="P:AirTool.My.Resources.Resources.bg">
<summary>
  Looks up a localized resource of type System.Drawing.Bitmap.
</summary>
</member>
<member name="P:AirTool.My.Resources.Resources.bg_withlogo">
<summary>
  Looks up a localized resource of type System.Drawing.Bitmap.
</summary>
</member>
<member name="P:AirTool.My.Resources.Resources.bg1">
<summary>
  Looks up a localized resource of type System.Drawing.Bitmap.
</summary>
</member>
<member name="P:AirTool.My.Resources.Resources.bin">
<summary>
  Looks up a localized resource of type System.Drawing.Bitmap.
</summary>
</member>
<member name="P:AirTool.My.Resources.Resources.BLANK">
<summary>
  Looks up a localized resource of type System.Drawing.Bitmap.
</summary>
</member>
<member name="P:AirTool.My.Resources.Resources.BLANK_GREY">
<summary>
  Looks up a localized resource of type System.Drawing.Bitmap.
</summary>
</member>
<member name="P:AirTool.My.Resources.Resources.boarding_complete">
<summary>
  Looks up a localized resource of type System.IO.UnmanagedMemoryStream similar to System.IO.MemoryStream.
</summary>
</member>
<member name="P:AirTool.My.Resources.Resources.bugreport">
<summary>
  Looks up a localized resource of type System.Drawing.Bitmap.
</summary>
</member>
<member name="P:AirTool.My.Resources.Resources.buy">
<summary>
  Looks up a localized resource of type System.Drawing.Bitmap.
</summary>
</member>
<member name="P:AirTool.My.Resources.Resources.cabin_crew_btn">
<summary>
  Looks up a localized resource of type System.Drawing.Bitmap.
</summary>
</member>
<member name="P:AirTool.My.Resources.Resources.cabin_crew_btn1">
<summary>
  Looks up a localized resource of type System.Drawing.Bitmap.
</summary>
</member>
<member name="P:AirTool.My.Resources.Resources.cabincrew">
<summary>
  Looks up a localized resource of type System.Drawing.Bitmap.
</summary>
</member>
<member name="P:AirTool.My.Resources.Resources.cancel_48px">
<summary>
  Looks up a localized resource of type System.Drawing.Bitmap.
</summary>
</member>
<member name="P:AirTool.My.Resources.Resources.cargo">
<summary>
  Looks up a localized resource of type System.Drawing.Bitmap.
</summary>
</member>
<member name="P:AirTool.My.Resources.Resources.cargo1">
<summary>
  Looks up a localized resource of type System.Drawing.Bitmap.
</summary>
</member>
<member name="P:AirTool.My.Resources.Resources.cash_240px">
<summary>
  Looks up a localized resource of type System.Drawing.Bitmap.
</summary>
</member>
<member name="P:AirTool.My.Resources.Resources.cash_euro_48px">
<summary>
  Looks up a localized resource of type System.Drawing.Bitmap.
</summary>
</member>
<member name="P:AirTool.My.Resources.Resources.Cheque_200px">
<summary>
  Looks up a localized resource of type System.Drawing.Bitmap.
</summary>
</member>
<member name="P:AirTool.My.Resources.Resources.claw_machine_48px">
<summary>
  Looks up a localized resource of type System.Drawing.Bitmap.
</summary>
</member>
<member name="P:AirTool.My.Resources.Resources.close">
<summary>
  Looks up a localized resource of type System.Drawing.Bitmap.
</summary>
</member>
<member name="P:AirTool.My.Resources.Resources.close_window_24p2x">
<summary>
  Looks up a localized resource of type System.Drawing.Bitmap.
</summary>
</member>
<member name="P:AirTool.My.Resources.Resources.close_window_24px">
<summary>
  Looks up a localized resource of type System.Drawing.Bitmap.
</summary>
</member>
<member name="P:AirTool.My.Resources.Resources.close_window_24px1">
<summary>
  Looks up a localized resource of type System.Drawing.Bitmap.
</summary>
</member>
<member name="P:AirTool.My.Resources.Resources.close1">
<summary>
  Looks up a localized resource of type System.Drawing.Bitmap.
</summary>
</member>
<member name="P:AirTool.My.Resources.Resources.close2">
<summary>
  Looks up a localized resource of type System.Drawing.Bitmap.
</summary>
</member>
<member name="P:AirTool.My.Resources.Resources.CLOUD">
<summary>
  Looks up a localized resource of type System.Drawing.Bitmap.
</summary>
</member>
<member name="P:AirTool.My.Resources.Resources.CLOUDY_SNOW">
<summary>
  Looks up a localized resource of type System.Drawing.Bitmap.
</summary>
</member>
<member name="P:AirTool.My.Resources.Resources.compass_icon">
<summary>
  Looks up a localized resource of type System.Drawing.Bitmap.
</summary>
</member>
<member name="P:AirTool.My.Resources.Resources.computer_chips">
<summary>
  Looks up a localized resource of type System.Drawing.Bitmap.
</summary>
</member>
<member name="P:AirTool.My.Resources.Resources.Connect">
<summary>
  Looks up a localized resource of type System.Drawing.Bitmap.
</summary>
</member>
<member name="P:AirTool.My.Resources.Resources.Connect_connected">
<summary>
  Looks up a localized resource of type System.Drawing.Bitmap.
</summary>
</member>
<member name="P:AirTool.My.Resources.Resources.Connect_lost">
<summary>
  Looks up a localized resource of type System.Drawing.Bitmap.
</summary>
</member>
<member name="P:AirTool.My.Resources.Resources.construction_carpenter_ruler_64px">
<summary>
  Looks up a localized resource of type System.Drawing.Bitmap.
</summary>
</member>
<member name="P:AirTool.My.Resources.Resources.consumables">
<summary>
  Looks up a localized resource of type System.Drawing.Bitmap.
</summary>
</member>
<member name="P:AirTool.My.Resources.Resources.copy">
<summary>
  Looks up a localized resource of type System.Drawing.Bitmap.
</summary>
</member>
<member name="P:AirTool.My.Resources.Resources.copy1">
<summary>
  Looks up a localized resource of type System.Drawing.Bitmap.
</summary>
</member>
<member name="P:AirTool.My.Resources.Resources.cost">
<summary>
  Looks up a localized resource of type System.Drawing.Bitmap.
</summary>
</member>
<member name="P:AirTool.My.Resources.Resources.delete_bin_24px">
<summary>
  Looks up a localized resource of type System.Drawing.Bitmap.
</summary>
</member>
<member name="P:AirTool.My.Resources.Resources.demo">
<summary>
  Looks up a localized string similar to this is a test string.
</summary>
</member>
<member name="P:AirTool.My.Resources.Resources.depot">
<summary>
  Looks up a localized resource of type System.Drawing.Bitmap.
</summary>
</member>
<member name="P:AirTool.My.Resources.Resources.design_240px">
<summary>
  Looks up a localized resource of type System.Drawing.Bitmap.
</summary>
</member>
<member name="P:AirTool.My.Resources.Resources.Discord_Simbolo">
<summary>
  Looks up a localized resource of type System.Drawing.Bitmap.
</summary>
</member>
<member name="P:AirTool.My.Resources.Resources.dissembark_btn">
<summary>
  Looks up a localized resource of type System.Drawing.Bitmap.
</summary>
</member>
<member name="P:AirTool.My.Resources.Resources.distance_icon">
<summary>
  Looks up a localized resource of type System.Drawing.Bitmap.
</summary>
</member>
<member name="P:AirTool.My.Resources.Resources.do_not_disturb">
<summary>
  Looks up a localized resource of type System.Drawing.Bitmap.
</summary>
</member>
<member name="P:AirTool.My.Resources.Resources.download">
<summary>
  Looks up a localized resource of type System.Drawing.Bitmap.
</summary>
</member>
<member name="P:AirTool.My.Resources.Resources.download_52px">
<summary>
  Looks up a localized resource of type System.Drawing.Bitmap.
</summary>
</member>
<member name="P:AirTool.My.Resources.Resources.duty_free_btn">
<summary>
  Looks up a localized resource of type System.Drawing.Bitmap.
</summary>
</member>
<member name="P:AirTool.My.Resources.Resources.e_landing_btn">
<summary>
  Looks up a localized resource of type System.Drawing.Bitmap.
</summary>
</member>
<member name="P:AirTool.My.Resources.Resources.earthquakes_32px">
<summary>
  Looks up a localized resource of type System.Drawing.Bitmap.
</summary>
</member>
<member name="P:AirTool.My.Resources.Resources.earthquakes_32px1">
<summary>
  Looks up a localized resource of type System.Drawing.Bitmap.
</summary>
</member>
<member name="P:AirTool.My.Resources.Resources.edit">
<summary>
  Looks up a localized resource of type System.Drawing.Bitmap.
</summary>
</member>
<member name="P:AirTool.My.Resources.Resources.edit_property_32px">
<summary>
  Looks up a localized resource of type System.Drawing.Bitmap.
</summary>
</member>
<member name="P:AirTool.My.Resources.Resources.employees">
<summary>
  Looks up a localized resource of type System.Drawing.Bitmap.
</summary>
</member>
<member name="P:AirTool.My.Resources.Resources.engine_128px">
<summary>
  Looks up a localized resource of type System.Drawing.Bitmap.
</summary>
</member>
<member name="P:AirTool.My.Resources.Resources.event_16px">
<summary>
  Looks up a localized resource of type System.Drawing.Bitmap.
</summary>
</member>
<member name="P:AirTool.My.Resources.Resources.eye_60px">
<summary>
  Looks up a localized resource of type System.Drawing.Bitmap.
</summary>
</member>
<member name="P:AirTool.My.Resources.Resources.facebook">
<summary>
  Looks up a localized resource of type System.Drawing.Bitmap.
</summary>
</member>
<member name="P:AirTool.My.Resources.Resources.factory_60px">
<summary>
  Looks up a localized resource of type System.Drawing.Bitmap.
</summary>
</member>
<member name="P:AirTool.My.Resources.Resources.faskmask">
<summary>
  Looks up a localized resource of type System.Drawing.Bitmap.
</summary>
</member>
<member name="P:AirTool.My.Resources.Resources.file">
<summary>
  Looks up a localized resource of type System.Drawing.Bitmap.
</summary>
</member>
<member name="P:AirTool.My.Resources.Resources.filter">
<summary>
  Looks up a localized resource of type System.Drawing.Bitmap.
</summary>
</member>
<member name="P:AirTool.My.Resources.Resources.filter_24px">
<summary>
  Looks up a localized resource of type System.Drawing.Bitmap.
</summary>
</member>
<member name="P:AirTool.My.Resources.Resources.fire_96px">
<summary>
  Looks up a localized resource of type System.Drawing.Bitmap.
</summary>
</member>
<member name="P:AirTool.My.Resources.Resources.flight_seat_100px">
<summary>
  Looks up a localized resource of type System.Drawing.Bitmap.
</summary>
</member>
<member name="P:AirTool.My.Resources.Resources.flyLAT_small">
<summary>
  Looks up a localized resource of type System.Drawing.Bitmap.
</summary>
</member>
<member name="P:AirTool.My.Resources.Resources.flyLAT_small1">
<summary>
  Looks up a localized resource of type System.Drawing.Bitmap.
</summary>
</member>
<member name="P:AirTool.My.Resources.Resources.flyLAT_small11">
<summary>
  Looks up a localized resource of type System.Drawing.Bitmap.
</summary>
</member>
<member name="P:AirTool.My.Resources.Resources.flyLAT_small12">
<summary>
  Looks up a localized resource of type System.Drawing.Bitmap.
</summary>
</member>
<member name="P:AirTool.My.Resources.Resources.fuel">
<summary>
  Looks up a localized resource of type System.Drawing.Bitmap.
</summary>
</member>
<member name="P:AirTool.My.Resources.Resources.furniture">
<summary>
  Looks up a localized resource of type System.Drawing.Bitmap.
</summary>
</member>
<member name="P:AirTool.My.Resources.Resources.gas_station_48px">
<summary>
  Looks up a localized resource of type System.Drawing.Bitmap.
</summary>
</member>
<member name="P:AirTool.My.Resources.Resources.gate">
<summary>
  Looks up a localized resource of type System.Drawing.Bitmap.
</summary>
</member>
<member name="P:AirTool.My.Resources.Resources.global_market">
<summary>
  Looks up a localized resource of type System.Drawing.Bitmap.
</summary>
</member>
<member name="P:AirTool.My.Resources.Resources.globe">
<summary>
  Looks up a localized resource of type System.Drawing.Bitmap.
</summary>
</member>
<member name="P:AirTool.My.Resources.Resources.goods">
<summary>
  Looks up a localized resource of type System.Drawing.Bitmap.
</summary>
</member>
<member name="P:AirTool.My.Resources.Resources.green">
<summary>
  Looks up a localized resource of type System.Drawing.Bitmap.
</summary>
</member>
<member name="P:AirTool.My.Resources.Resources.help">
<summary>
  Looks up a localized resource of type System.Drawing.Bitmap.
</summary>
</member>
<member name="P:AirTool.My.Resources.Resources.Help_icon_svg">
<summary>
  Looks up a localized resource of type System.Drawing.Bitmap.
</summary>
</member>
<member name="P:AirTool.My.Resources.Resources.home_16px">
<summary>
  Looks up a localized resource of type System.Drawing.Bitmap.
</summary>
</member>
<member name="P:AirTool.My.Resources.Resources.home_address">
<summary>
  Looks up a localized resource of type System.Drawing.Bitmap.
</summary>
</member>
<member name="P:AirTool.My.Resources.Resources.info_48px">
<summary>
  Looks up a localized resource of type System.Drawing.Bitmap.
</summary>
</member>
<member name="P:AirTool.My.Resources.Resources.internet_100px">
<summary>
  Looks up a localized resource of type System.Drawing.Bitmap.
</summary>
</member>
<member name="P:AirTool.My.Resources.Resources.jewelry">
<summary>
  Looks up a localized resource of type System.Drawing.Bitmap.
</summary>
</member>
<member name="P:AirTool.My.Resources.Resources.Just_Flight_white_logo_01__1_">
<summary>
  Looks up a localized resource of type System.Drawing.Bitmap.
</summary>
</member>
<member name="P:AirTool.My.Resources.Resources.knots">
<summary>
  Looks up a localized resource of type System.Drawing.Bitmap.
</summary>
</member>
<member name="P:AirTool.My.Resources.Resources.landed_btn">
<summary>
  Looks up a localized resource of type System.Drawing.Bitmap.
</summary>
</member>
<member name="P:AirTool.My.Resources.Resources.landing">
<summary>
  Looks up a localized resource of type System.Drawing.Bitmap.
</summary>
</member>
<member name="P:AirTool.My.Resources.Resources.landing_btn">
<summary>
  Looks up a localized resource of type System.Drawing.Bitmap.
</summary>
</member>
<member name="P:AirTool.My.Resources.Resources.landing_btn1">
<summary>
  Looks up a localized resource of type System.Drawing.Bitmap.
</summary>
</member>
<member name="P:AirTool.My.Resources.Resources.landing_icon">
<summary>
  Looks up a localized resource of type System.Drawing.Bitmap.
</summary>
</member>
<member name="P:AirTool.My.Resources.Resources.landing_map">
<summary>
  Looks up a localized resource of type System.Drawing.Bitmap.
</summary>
</member>
<member name="P:AirTool.My.Resources.Resources.large_airport_selected">
<summary>
  Looks up a localized resource of type System.Drawing.Bitmap.
</summary>
</member>
<member name="P:AirTool.My.Resources.Resources.load_cargo_100px">
<summary>
  Looks up a localized resource of type System.Drawing.Bitmap.
</summary>
</member>
<member name="P:AirTool.My.Resources.Resources.loader_1">
<summary>
  Looks up a localized resource of type System.Drawing.Bitmap.
</summary>
</member>
<member name="P:AirTool.My.Resources.Resources.Location_96px">
<summary>
  Looks up a localized resource of type System.Drawing.Bitmap.
</summary>
</member>
<member name="P:AirTool.My.Resources.Resources.log_icon">
<summary>
  Looks up a localized resource of type System.Drawing.Bitmap.
</summary>
</member>
<member name="P:AirTool.My.Resources.Resources.logo">
<summary>
  Looks up a localized resource of type System.Drawing.Bitmap.
</summary>
</member>
<member name="P:AirTool.My.Resources.Resources.LOGO_1000">
<summary>
  Looks up a localized resource of type System.Drawing.Bitmap.
</summary>
</member>
<member name="P:AirTool.My.Resources.Resources.LOGO_FULLBLACK_no_text">
<summary>
  Looks up a localized resource of type System.Drawing.Bitmap.
</summary>
</member>
<member name="P:AirTool.My.Resources.Resources.logo_Transparent">
<summary>
  Looks up a localized resource of type System.Drawing.Bitmap.
</summary>
</member>
<member name="P:AirTool.My.Resources.Resources.logo_Transparent_no_ring">
<summary>
  Looks up a localized resource of type System.Drawing.Bitmap.
</summary>
</member>
<member name="P:AirTool.My.Resources.Resources.logon">
<summary>
  Looks up a localized resource of type System.Drawing.Bitmap.
</summary>
</member>
<member name="P:AirTool.My.Resources.Resources.lowerdeck">
<summary>
  Looks up a localized resource of type System.Drawing.Bitmap.
</summary>
</member>
<member name="P:AirTool.My.Resources.Resources.LukeAir_Boarding_Pass">
<summary>
  Looks up a localized resource of type System.Drawing.Bitmap.
</summary>
</member>
<member name="P:AirTool.My.Resources.Resources.lukeairtool_black">
<summary>
  Looks up a localized resource of type System.Drawing.Bitmap.
</summary>
</member>
<member name="P:AirTool.My.Resources.Resources.mail_52px">
<summary>
  Looks up a localized resource of type System.Drawing.Bitmap.
</summary>
</member>
<member name="P:AirTool.My.Resources.Resources.mail_white">
<summary>
  Looks up a localized resource of type System.Drawing.Bitmap.
</summary>
</member>
<member name="P:AirTool.My.Resources.Resources.map">
<summary>
  Looks up a localized resource of type System.Drawing.Bitmap.
</summary>
</member>
<member name="P:AirTool.My.Resources.Resources.map_26px">
<summary>
  Looks up a localized resource of type System.Drawing.Bitmap.
</summary>
</member>
<member name="P:AirTool.My.Resources.Resources.Map_icon_Mister_Pixel_Noun_Project">
<summary>
  Looks up a localized resource of type System.Drawing.Bitmap.
</summary>
</member>
<member name="P:AirTool.My.Resources.Resources.mask_btn">
<summary>
  Looks up a localized resource of type System.Drawing.Bitmap.
</summary>
</member>
<member name="P:AirTool.My.Resources.Resources.medical">
<summary>
  Looks up a localized resource of type System.Drawing.Bitmap.
</summary>
</member>
<member name="P:AirTool.My.Resources.Resources.megaphone_80px">
<summary>
  Looks up a localized resource of type System.Drawing.Bitmap.
</summary>
</member>
<member name="P:AirTool.My.Resources.Resources.menu_48px">
<summary>
  Looks up a localized resource of type System.Drawing.Bitmap.
</summary>
</member>
<member name="P:AirTool.My.Resources.Resources.menu_button">
<summary>
  Looks up a localized resource of type System.Drawing.Bitmap.
</summary>
</member>
<member name="P:AirTool.My.Resources.Resources.metal">
<summary>
  Looks up a localized resource of type System.Drawing.Bitmap.
</summary>
</member>
<member name="P:AirTool.My.Resources.Resources.mini">
<summary>
  Looks up a localized resource of type System.Drawing.Bitmap.
</summary>
</member>
<member name="P:AirTool.My.Resources.Resources.mini1">
<summary>
  Looks up a localized resource of type System.Drawing.Bitmap.
</summary>
</member>
<member name="P:AirTool.My.Resources.Resources.moon">
<summary>
  Looks up a localized resource of type System.Drawing.Bitmap.
</summary>
</member>
<member name="P:AirTool.My.Resources.Resources.MOON_CLOUDS">
<summary>
  Looks up a localized resource of type System.Drawing.Bitmap.
</summary>
</member>
<member name="P:AirTool.My.Resources.Resources.MOON_SCATTERED_CLOUDS">
<summary>
  Looks up a localized resource of type System.Drawing.Bitmap.
</summary>
</member>
<member name="P:AirTool.My.Resources.Resources.move">
<summary>
  Looks up a localized resource of type System.Drawing.Bitmap.
</summary>
</member>
<member name="P:AirTool.My.Resources.Resources.msg_new">
<summary>
  Looks up a localized resource of type System.Drawing.Bitmap.
</summary>
</member>
<member name="P:AirTool.My.Resources.Resources.msg_read">
<summary>
  Looks up a localized resource of type System.Drawing.Bitmap.
</summary>
</member>
<member name="P:AirTool.My.Resources.Resources.music_button">
<summary>
  Looks up a localized resource of type System.Drawing.Bitmap.
</summary>
</member>
<member name="P:AirTool.My.Resources.Resources.new_96px">
<summary>
  Looks up a localized resource of type System.Drawing.Bitmap.
</summary>
</member>
<member name="P:AirTool.My.Resources.Resources.new_email">
<summary>
  Looks up a localized resource of type System.Drawing.Bitmap.
</summary>
</member>
<member name="P:AirTool.My.Resources.Resources.new_email1">
<summary>
  Looks up a localized resource of type System.Drawing.Bitmap.
</summary>
</member>
<member name="P:AirTool.My.Resources.Resources.NIGHT_RAIN">
<summary>
  Looks up a localized resource of type System.Drawing.Bitmap.
</summary>
</member>
<member name="P:AirTool.My.Resources.Resources.NIGHT_SNOW">
<summary>
  Looks up a localized resource of type System.Drawing.Bitmap.
</summary>
</member>
<member name="P:AirTool.My.Resources.Resources.notification_48px">
<summary>
  Looks up a localized resource of type System.Drawing.Bitmap.
</summary>
</member>
<member name="P:AirTool.My.Resources.Resources.oil">
<summary>
  Looks up a localized resource of type System.Drawing.Bitmap.
</summary>
</member>
<member name="P:AirTool.My.Resources.Resources.open_popup">
<summary>
  Looks up a localized resource of type System.Drawing.Bitmap.
</summary>
</member>
<member name="P:AirTool.My.Resources.Resources.panel">
<summary>
  Looks up a localized resource of type System.Drawing.Bitmap.
</summary>
</member>
<member name="P:AirTool.My.Resources.Resources.passenger">
<summary>
  Looks up a localized resource of type System.Drawing.Bitmap.
</summary>
</member>
<member name="P:AirTool.My.Resources.Resources.passengers_small">
<summary>
  Looks up a localized resource of type System.Drawing.Bitmap.
</summary>
</member>
<member name="P:AirTool.My.Resources.Resources.password_30px">
<summary>
  Looks up a localized resource of type System.Drawing.Bitmap.
</summary>
</member>
<member name="P:AirTool.My.Resources.Resources.paste_special_100px">
<summary>
  Looks up a localized resource of type System.Drawing.Bitmap.
</summary>
</member>
<member name="P:AirTool.My.Resources.Resources.paxsim">
<summary>
  Looks up a localized resource of type System.Drawing.Bitmap.
</summary>
</member>
<member name="P:AirTool.My.Resources.Resources.people_working_together_24px">
<summary>
  Looks up a localized resource of type System.Drawing.Bitmap.
</summary>
</member>
<member name="P:AirTool.My.Resources.Resources.pilot_btn">
<summary>
  Looks up a localized resource of type System.Drawing.Bitmap.
</summary>
</member>
<member name="P:AirTool.My.Resources.Resources.pilot_btn2">
<summary>
  Looks up a localized resource of type System.Drawing.Bitmap.
</summary>
</member>
<member name="P:AirTool.My.Resources.Resources.plane">
<summary>
  Looks up a localized resource of type System.Drawing.Bitmap.
</summary>
</member>
<member name="P:AirTool.My.Resources.Resources.plane_0">
<summary>
  Looks up a localized resource of type System.Drawing.Bitmap.
</summary>
</member>
<member name="P:AirTool.My.Resources.Resources.plane_125">
<summary>
  Looks up a localized resource of type System.Drawing.Bitmap.
</summary>
</member>
<member name="P:AirTool.My.Resources.Resources.plane_180">
<summary>
  Looks up a localized resource of type System.Drawing.Bitmap.
</summary>
</member>
<member name="P:AirTool.My.Resources.Resources.plane_225">
<summary>
  Looks up a localized resource of type System.Drawing.Bitmap.
</summary>
</member>
<member name="P:AirTool.My.Resources.Resources.plane_25">
<summary>
  Looks up a localized resource of type System.Drawing.Bitmap.
</summary>
</member>
<member name="P:AirTool.My.Resources.Resources.plane_270">
<summary>
  Looks up a localized resource of type System.Drawing.Bitmap.
</summary>
</member>
<member name="P:AirTool.My.Resources.Resources.plane_300">
<summary>
  Looks up a localized resource of type System.Drawing.Bitmap.
</summary>
</member>
<member name="P:AirTool.My.Resources.Resources.plane_90">
<summary>
  Looks up a localized resource of type System.Drawing.Bitmap.
</summary>
</member>
<member name="P:AirTool.My.Resources.Resources.plane_icon">
<summary>
  Looks up a localized resource of type System.Drawing.Bitmap.
</summary>
</member>
<member name="P:AirTool.My.Resources.Resources.plane_none">
<summary>
  Looks up a localized resource of type System.Drawing.Bitmap.
</summary>
</member>
<member name="P:AirTool.My.Resources.Resources.plane_red">
<summary>
  Looks up a localized resource of type System.Drawing.Bitmap.
</summary>
</member>
<member name="P:AirTool.My.Resources.Resources.plane_red1">
<summary>
  Looks up a localized resource of type System.Drawing.Bitmap.
</summary>
</member>
<member name="P:AirTool.My.Resources.Resources.play_icon">
<summary>
  Looks up a localized resource of type System.Drawing.Bitmap.
</summary>
</member>
<member name="P:AirTool.My.Resources.Resources.point">
<summary>
  Looks up a localized resource of type System.Drawing.Bitmap.
</summary>
</member>
<member name="P:AirTool.My.Resources.Resources.pop_out">
<summary>
  Looks up a localized resource of type System.Drawing.Bitmap.
</summary>
</member>
<member name="P:AirTool.My.Resources.Resources.prepare_for_landing">
<summary>
  Looks up a localized resource of type System.IO.UnmanagedMemoryStream similar to System.IO.MemoryStream.
</summary>
</member>
<member name="P:AirTool.My.Resources.Resources.prepare_for_takeoff">
<summary>
  Looks up a localized resource of type System.IO.UnmanagedMemoryStream similar to System.IO.MemoryStream.
</summary>
</member>
<member name="P:AirTool.My.Resources.Resources.privacy_32px">
<summary>
  Looks up a localized resource of type System.Drawing.Bitmap.
</summary>
</member>
<member name="P:AirTool.My.Resources.Resources.production_time">
<summary>
  Looks up a localized resource of type System.Drawing.Bitmap.
</summary>
</member>
<member name="P:AirTool.My.Resources.Resources.pull_down_48px">
<summary>
  Looks up a localized resource of type System.Drawing.Bitmap.
</summary>
</member>
<member name="P:AirTool.My.Resources.Resources.pull_msg">
<summary>
  Looks up a localized resource of type System.Drawing.Bitmap.
</summary>
</member>
<member name="P:AirTool.My.Resources.Resources.pushback">
<summary>
  Looks up a localized resource of type System.Drawing.Bitmap.
</summary>
</member>
<member name="P:AirTool.My.Resources.Resources.quickstart">
<summary>
  Looks up a localized resource of type System.Drawing.Bitmap.
</summary>
</member>
<member name="P:AirTool.My.Resources.Resources.R14228c7a6cea369958dfb2708b4624dc">
<summary>
  Looks up a localized resource of type System.Drawing.Bitmap.
</summary>
</member>
<member name="P:AirTool.My.Resources.Resources.RAIN">
<summary>
  Looks up a localized resource of type System.Drawing.Bitmap.
</summary>
</member>
<member name="P:AirTool.My.Resources.Resources.refresh">
<summary>
  Looks up a localized resource of type System.Drawing.Bitmap.
</summary>
</member>
<member name="P:AirTool.My.Resources.Resources.refresh_24px">
<summary>
  Looks up a localized resource of type System.Drawing.Bitmap.
</summary>
</member>
<member name="P:AirTool.My.Resources.Resources.refresh_3">
<summary>
  Looks up a localized resource of type System.Drawing.Bitmap.
</summary>
</member>
<member name="P:AirTool.My.Resources.Resources.refresh_black">
<summary>
  Looks up a localized resource of type System.Drawing.Bitmap.
</summary>
</member>
<member name="P:AirTool.My.Resources.Resources.refresh1">
<summary>
  Looks up a localized resource of type System.Drawing.Bitmap.
</summary>
</member>
<member name="P:AirTool.My.Resources.Resources.reply_24px">
<summary>
  Looks up a localized resource of type System.Drawing.Bitmap.
</summary>
</member>
<member name="P:AirTool.My.Resources.Resources.reply_52px">
<summary>
  Looks up a localized resource of type System.Drawing.Bitmap.
</summary>
</member>
<member name="P:AirTool.My.Resources.Resources.rex">
<summary>
  Looks up a localized resource of type System.Drawing.Bitmap.
</summary>
</member>
<member name="P:AirTool.My.Resources.Resources.RU_Welcome">
<summary>
  Looks up a localized resource of type System.Drawing.Bitmap.
</summary>
</member>
<member name="P:AirTool.My.Resources.Resources.rubber">
<summary>
  Looks up a localized resource of type System.Drawing.Bitmap.
</summary>
</member>
<member name="P:AirTool.My.Resources.Resources.safety_btn">
<summary>
  Looks up a localized resource of type System.Drawing.Bitmap.
</summary>
</member>
<member name="P:AirTool.My.Resources.Resources.santa">
<summary>
  Looks up a localized resource of type System.Drawing.Bitmap.
</summary>
</member>
<member name="P:AirTool.My.Resources.Resources.save_64px">
<summary>
  Looks up a localized resource of type System.Drawing.Bitmap.
</summary>
</member>
<member name="P:AirTool.My.Resources.Resources.save_64px2">
<summary>
  Looks up a localized resource of type System.Drawing.Bitmap.
</summary>
</member>
<member name="P:AirTool.My.Resources.Resources.seafood">
<summary>
  Looks up a localized resource of type System.Drawing.Bitmap.
</summary>
</member>
<member name="P:AirTool.My.Resources.Resources.search">
<summary>
  Looks up a localized resource of type System.Drawing.Bitmap.
</summary>
</member>
<member name="P:AirTool.My.Resources.Resources.seat">
<summary>
  Looks up a localized resource of type System.Drawing.Bitmap.
</summary>
</member>
<member name="P:AirTool.My.Resources.Resources.seat_icon">
<summary>
  Looks up a localized resource of type System.Drawing.Bitmap.
</summary>
</member>
<member name="P:AirTool.My.Resources.Resources.seat_icon_1">
<summary>
  Looks up a localized resource of type System.Drawing.Bitmap.
</summary>
</member>
<member name="P:AirTool.My.Resources.Resources.seat_icon_10">
<summary>
  Looks up a localized resource of type System.Drawing.Bitmap.
</summary>
</member>
<member name="P:AirTool.My.Resources.Resources.seat_icon_11">
<summary>
  Looks up a localized resource of type System.Drawing.Bitmap.
</summary>
</member>
<member name="P:AirTool.My.Resources.Resources.seat_icon_12">
<summary>
  Looks up a localized resource of type System.Drawing.Bitmap.
</summary>
</member>
<member name="P:AirTool.My.Resources.Resources.seat_icon_13">
<summary>
  Looks up a localized resource of type System.Drawing.Bitmap.
</summary>
</member>
<member name="P:AirTool.My.Resources.Resources.seat_icon_14">
<summary>
  Looks up a localized resource of type System.Drawing.Bitmap.
</summary>
</member>
<member name="P:AirTool.My.Resources.Resources.seat_icon_15">
<summary>
  Looks up a localized resource of type System.Drawing.Bitmap.
</summary>
</member>
<member name="P:AirTool.My.Resources.Resources.seat_icon_16">
<summary>
  Looks up a localized resource of type System.Drawing.Bitmap.
</summary>
</member>
<member name="P:AirTool.My.Resources.Resources.seat_icon_17">
<summary>
  Looks up a localized resource of type System.Drawing.Bitmap.
</summary>
</member>
<member name="P:AirTool.My.Resources.Resources.seat_icon_18">
<summary>
  Looks up a localized resource of type System.Drawing.Bitmap.
</summary>
</member>
<member name="P:AirTool.My.Resources.Resources.seat_icon_19">
<summary>
  Looks up a localized resource of type System.Drawing.Bitmap.
</summary>
</member>
<member name="P:AirTool.My.Resources.Resources.seat_icon_2">
<summary>
  Looks up a localized resource of type System.Drawing.Bitmap.
</summary>
</member>
<member name="P:AirTool.My.Resources.Resources.seat_icon_20">
<summary>
  Looks up a localized resource of type System.Drawing.Bitmap.
</summary>
</member>
<member name="P:AirTool.My.Resources.Resources.seat_icon_21">
<summary>
  Looks up a localized resource of type System.Drawing.Bitmap.
</summary>
</member>
<member name="P:AirTool.My.Resources.Resources.seat_icon_22">
<summary>
  Looks up a localized resource of type System.Drawing.Bitmap.
</summary>
</member>
<member name="P:AirTool.My.Resources.Resources.seat_icon_23">
<summary>
  Looks up a localized resource of type System.Drawing.Bitmap.
</summary>
</member>
<member name="P:AirTool.My.Resources.Resources.seat_icon_24">
<summary>
  Looks up a localized resource of type System.Drawing.Bitmap.
</summary>
</member>
<member name="P:AirTool.My.Resources.Resources.seat_icon_25">
<summary>
  Looks up a localized resource of type System.Drawing.Bitmap.
</summary>
</member>
<member name="P:AirTool.My.Resources.Resources.seat_icon_26">
<summary>
  Looks up a localized resource of type System.Drawing.Bitmap.
</summary>
</member>
<member name="P:AirTool.My.Resources.Resources.seat_icon_27">
<summary>
  Looks up a localized resource of type System.Drawing.Bitmap.
</summary>
</member>
<member name="P:AirTool.My.Resources.Resources.seat_icon_28">
<summary>
  Looks up a localized resource of type System.Drawing.Bitmap.
</summary>
</member>
<member name="P:AirTool.My.Resources.Resources.seat_icon_29">
<summary>
  Looks up a localized resource of type System.Drawing.Bitmap.
</summary>
</member>
<member name="P:AirTool.My.Resources.Resources.seat_icon_3">
<summary>
  Looks up a localized resource of type System.Drawing.Bitmap.
</summary>
</member>
<member name="P:AirTool.My.Resources.Resources.seat_icon_4">
<summary>
  Looks up a localized resource of type System.Drawing.Bitmap.
</summary>
</member>
<member name="P:AirTool.My.Resources.Resources.seat_icon_5">
<summary>
  Looks up a localized resource of type System.Drawing.Bitmap.
</summary>
</member>
<member name="P:AirTool.My.Resources.Resources.seat_icon_6">
<summary>
  Looks up a localized resource of type System.Drawing.Bitmap.
</summary>
</member>
<member name="P:AirTool.My.Resources.Resources.seat_icon_7">
<summary>
  Looks up a localized resource of type System.Drawing.Bitmap.
</summary>
</member>
<member name="P:AirTool.My.Resources.Resources.seat_icon_8">
<summary>
  Looks up a localized resource of type System.Drawing.Bitmap.
</summary>
</member>
<member name="P:AirTool.My.Resources.Resources.seat_icon_9">
<summary>
  Looks up a localized resource of type System.Drawing.Bitmap.
</summary>
</member>
<member name="P:AirTool.My.Resources.Resources.seatbelt">
<summary>
  Looks up a localized resource of type System.IO.UnmanagedMemoryStream similar to System.IO.MemoryStream.
</summary>
</member>
<member name="P:AirTool.My.Resources.Resources.Seatbelt_btn">
<summary>
  Looks up a localized resource of type System.Drawing.Bitmap.
</summary>
</member>
<member name="P:AirTool.My.Resources.Resources.seatbelt_off">
<summary>
  Looks up a localized resource of type System.Drawing.Bitmap.
</summary>
</member>
<member name="P:AirTool.My.Resources.Resources.seatbelt_on">
<summary>
  Looks up a localized resource of type System.Drawing.Bitmap.
</summary>
</member>
<member name="P:AirTool.My.Resources.Resources.sell">
<summary>
  Looks up a localized resource of type System.Drawing.Bitmap.
</summary>
</member>
<member name="P:AirTool.My.Resources.Resources.send_24px">
<summary>
  Looks up a localized resource of type System.Drawing.Bitmap.
</summary>
</member>
<member name="P:AirTool.My.Resources.Resources.sendmsgenvelope">
<summary>
  Looks up a localized resource of type System.Drawing.Bitmap.
</summary>
</member>
<member name="P:AirTool.My.Resources.Resources.server_100px">
<summary>
  Looks up a localized resource of type System.Drawing.Bitmap.
</summary>
</member>
<member name="P:AirTool.My.Resources.Resources.server_windows_100px">
<summary>
  Looks up a localized resource of type System.Drawing.Bitmap.
</summary>
</member>
<member name="P:AirTool.My.Resources.Resources.settings">
<summary>
  Looks up a localized resource of type System.Drawing.Bitmap.
</summary>
</member>
<member name="P:AirTool.My.Resources.Resources.settings_black_24x24">
<summary>
  Looks up a localized resource of type System.Drawing.Bitmap.
</summary>
</member>
<member name="P:AirTool.My.Resources.Resources.settings1">
<summary>
  Looks up a localized resource of type System.Drawing.Bitmap.
</summary>
</member>
<member name="P:AirTool.My.Resources.Resources.shop">
<summary>
  Looks up a localized resource of type System.Drawing.Bitmap.
</summary>
</member>
<member name="P:AirTool.My.Resources.Resources.signal">
<summary>
  Looks up a localized resource of type System.Drawing.Bitmap.
</summary>
</member>
<member name="P:AirTool.My.Resources.Resources.silicone">
<summary>
  Looks up a localized resource of type System.Drawing.Bitmap.
</summary>
</member>
<member name="P:AirTool.My.Resources.Resources.SLEET">
<summary>
  Looks up a localized resource of type System.Drawing.Bitmap.
</summary>
</member>
<member name="P:AirTool.My.Resources.Resources.snow">
<summary>
  Looks up a localized resource of type System.Drawing.Bitmap.
</summary>
</member>
<member name="P:AirTool.My.Resources.Resources.snow1">
<summary>
  Looks up a localized resource of type System.Drawing.Bitmap.
</summary>
</member>
<member name="P:AirTool.My.Resources.Resources.special">
<summary>
  Looks up a localized resource of type System.Drawing.Bitmap.
</summary>
</member>
<member name="P:AirTool.My.Resources.Resources.spectators_on_seats_50px">
<summary>
  Looks up a localized resource of type System.Drawing.Bitmap.
</summary>
</member>
<member name="P:AirTool.My.Resources.Resources.speech">
<summary>
  Looks up a localized resource of type System.Drawing.Bitmap.
</summary>
</member>
<member name="P:AirTool.My.Resources.Resources.stairs">
<summary>
  Looks up a localized resource of type System.Drawing.Bitmap.
</summary>
</member>
<member name="P:AirTool.My.Resources.Resources.stocks_100px">
<summary>
  Looks up a localized resource of type System.Drawing.Bitmap.
</summary>
</member>
<member name="P:AirTool.My.Resources.Resources.stop_btn">
<summary>
  Looks up a localized resource of type System.Drawing.Bitmap.
</summary>
</member>
<member name="P:AirTool.My.Resources.Resources.store">
<summary>
  Looks up a localized resource of type System.Drawing.Bitmap.
</summary>
</member>
<member name="P:AirTool.My.Resources.Resources.STORM">
<summary>
  Looks up a localized resource of type System.Drawing.Bitmap.
</summary>
</member>
<member name="P:AirTool.My.Resources.Resources.SUN">
<summary>
  Looks up a localized resource of type System.Drawing.Bitmap.
</summary>
</member>
<member name="P:AirTool.My.Resources.Resources.SUN_OVERCAST">
<summary>
  Looks up a localized resource of type System.Drawing.Bitmap.
</summary>
</member>
<member name="P:AirTool.My.Resources.Resources.SUN_RAIN">
<summary>
  Looks up a localized resource of type System.Drawing.Bitmap.
</summary>
</member>
<member name="P:AirTool.My.Resources.Resources.SUN_SCATTERED">
<summary>
  Looks up a localized resource of type System.Drawing.Bitmap.
</summary>
</member>
<member name="P:AirTool.My.Resources.Resources.SUN_SNOW">
<summary>
  Looks up a localized resource of type System.Drawing.Bitmap.
</summary>
</member>
<member name="P:AirTool.My.Resources.Resources.swiss_army_knife_50px">
<summary>
  Looks up a localized resource of type System.Drawing.Bitmap.
</summary>
</member>
<member name="P:AirTool.My.Resources.Resources.system_report_30px">
<summary>
  Looks up a localized resource of type System.Drawing.Bitmap.
</summary>
</member>
<member name="P:AirTool.My.Resources.Resources.takeoff">
<summary>
  Looks up a localized resource of type System.Drawing.Bitmap.
</summary>
</member>
<member name="P:AirTool.My.Resources.Resources.takeoff_icon">
<summary>
  Looks up a localized resource of type System.Drawing.Bitmap.
</summary>
</member>
<member name="P:AirTool.My.Resources.Resources.takeoff_map">
<summary>
  Looks up a localized resource of type System.Drawing.Bitmap.
</summary>
</member>
<member name="P:AirTool.My.Resources.Resources.tick_box_48px">
<summary>
  Looks up a localized resource of type System.Drawing.Bitmap.
</summary>
</member>
<member name="P:AirTool.My.Resources.Resources.tick_yes">
<summary>
  Looks up a localized resource of type System.Drawing.Bitmap.
</summary>
</member>
<member name="P:AirTool.My.Resources.Resources.time_200px">
<summary>
  Looks up a localized resource of type System.Drawing.Bitmap.
</summary>
</member>
<member name="P:AirTool.My.Resources.Resources.time_icon">
<summary>
  Looks up a localized resource of type System.Drawing.Bitmap.
</summary>
</member>
<member name="P:AirTool.My.Resources.Resources.tire_64px">
<summary>
  Looks up a localized resource of type System.Drawing.Bitmap.
</summary>
</member>
<member name="P:AirTool.My.Resources.Resources.track_order_48px">
<summary>
  Looks up a localized resource of type System.Drawing.Bitmap.
</summary>
</member>
<member name="P:AirTool.My.Resources.Resources.transfer">
<summary>
  Looks up a localized resource of type System.Drawing.Bitmap.
</summary>
</member>
<member name="P:AirTool.My.Resources.Resources.tv_off">
<summary>
  Looks up a localized resource of type System.Drawing.Bitmap.
</summary>
</member>
<member name="P:AirTool.My.Resources.Resources.tv_on">
<summary>
  Looks up a localized resource of type System.Drawing.Bitmap.
</summary>
</member>
<member name="P:AirTool.My.Resources.Resources.upperdeck">
<summary>
  Looks up a localized resource of type System.Drawing.Bitmap.
</summary>
</member>
<member name="P:AirTool.My.Resources.Resources.usb_off">
<summary>
  Looks up a localized resource of type System.Drawing.Bitmap.
</summary>
</member>
<member name="P:AirTool.My.Resources.Resources.usb_on">
<summary>
  Looks up a localized resource of type System.Drawing.Bitmap.
</summary>
</member>
<member name="P:AirTool.My.Resources.Resources.user">
<summary>
  Looks up a localized resource of type System.Drawing.Bitmap.
</summary>
</member>
<member name="P:AirTool.My.Resources.Resources.user_24px">
<summary>
  Looks up a localized resource of type System.Drawing.Bitmap.
</summary>
</member>
<member name="P:AirTool.My.Resources.Resources.user2">
<summary>
  Looks up a localized resource of type System.Drawing.Bitmap.
</summary>
</member>
<member name="P:AirTool.My.Resources.Resources.vertex_level_48px">
<summary>
  Looks up a localized resource of type System.Drawing.Bitmap.
</summary>
</member>
<member name="P:AirTool.My.Resources.Resources.WAA">
<summary>
  Looks up a localized resource of type System.Drawing.Bitmap.
</summary>
</member>
<member name="P:AirTool.My.Resources.Resources.warehouse">
<summary>
  Looks up a localized resource of type System.Drawing.Bitmap.
</summary>
</member>
<member name="P:AirTool.My.Resources.Resources.warehouse_80px">
<summary>
  Looks up a localized resource of type System.Drawing.Bitmap.
</summary>
</member>
<member name="P:AirTool.My.Resources.Resources.warehouse_black">
<summary>
  Looks up a localized resource of type System.Drawing.Bitmap.
</summary>
</member>
<member name="P:AirTool.My.Resources.Resources.warning_48px">
<summary>
  Looks up a localized resource of type System.Drawing.Bitmap.
</summary>
</member>
<member name="P:AirTool.My.Resources.Resources.wc">
<summary>
  Looks up a localized resource of type System.Drawing.Bitmap.
</summary>
</member>
<member name="P:AirTool.My.Resources.Resources.weather">
<summary>
  Looks up a localized resource of type System.Drawing.Bitmap.
</summary>
</member>
<member name="P:AirTool.My.Resources.Resources.web">
<summary>
  Looks up a localized resource of type System.Drawing.Bitmap.
</summary>
</member>
<member name="P:AirTool.My.Resources.Resources.welcome_airbus">
<summary>
  Looks up a localized resource of type System.Drawing.Bitmap.
</summary>
</member>
<member name="P:AirTool.My.Resources.Resources.welcome_boeing">
<summary>
  Looks up a localized resource of type System.Drawing.Bitmap.
</summary>
</member>
<member name="P:AirTool.My.Resources.Resources.welcome_btn">
<summary>
  Looks up a localized resource of type System.Drawing.Bitmap.
</summary>
</member>
<member name="P:AirTool.My.Resources.Resources.welcome_ES">
<summary>
  Looks up a localized resource of type System.Drawing.Bitmap.
</summary>
</member>
<member name="P:AirTool.My.Resources.Resources.welcome_FR">
<summary>
  Looks up a localized resource of type System.Drawing.Bitmap.
</summary>
</member>
<member name="P:AirTool.My.Resources.Resources.welcome_IT">
<summary>
  Looks up a localized resource of type System.Drawing.Bitmap.
</summary>
</member>
<member name="P:AirTool.My.Resources.Resources.welcome_PL">
<summary>
  Looks up a localized resource of type System.Drawing.Bitmap.
</summary>
</member>
<member name="P:AirTool.My.Resources.Resources.wifi_icon">
<summary>
  Looks up a localized resource of type System.Drawing.Bitmap.
</summary>
</member>
<member name="P:AirTool.My.Resources.Resources.wood">
<summary>
  Looks up a localized resource of type System.Drawing.Bitmap.
</summary>
</member>
<member name="P:AirTool.My.Resources.Resources.wrench_60px">
<summary>
  Looks up a localized resource of type System.Drawing.Bitmap.
</summary>
</member>
<member name="T:AirTool.My.Resources.polish">
<summary>
  A strongly-typed resource class, for looking up localized strings, etc.
</summary>
</member>
<member name="P:AirTool.My.Resources.polish.ResourceManager">
<summary>
  Returns the cached ResourceManager instance used by this class.
</summary>
</member>
<member name="P:AirTool.My.Resources.polish.Culture">
<summary>
  Overrides the current thread's CurrentUICulture property for all
  resource lookups using this strongly typed resource class.
</summary>
</member>
<member name="P:AirTool.My.Resources.polish.About___Donate">
<summary>
  Looks up a localized string similar to Informacje &amp; Donate.
</summary>
</member>
<member name="P:AirTool.My.Resources.polish.Announcements">
<summary>
  Looks up a localized string similar to Soundboard.
</summary>
</member>
<member name="P:AirTool.My.Resources.polish.Cargo">
<summary>
  Looks up a localized string similar to Cargo.
</summary>
</member>
<member name="P:AirTool.My.Resources.polish.Charts">
<summary>
  Looks up a localized string similar to Wykresy.
</summary>
</member>
<member name="P:AirTool.My.Resources.polish.Custom_Audio">
<summary>
  Looks up a localized string similar to Niestandardowy dźwięk.
</summary>
</member>
<member name="P:AirTool.My.Resources.polish.Events">
<summary>
  Looks up a localized string similar to Zdarzenia.
</summary>
</member>
<member name="P:AirTool.My.Resources.polish.Flight_Setup">
<summary>
  Looks up a localized string similar to Ustaw Lot.
</summary>
</member>
<member name="P:AirTool.My.Resources.polish.flyLAT">
<summary>
  Looks up a localized string similar to Social.
</summary>
</member>
<member name="P:AirTool.My.Resources.polish.Home">
<summary>
  Looks up a localized string similar to Home.
</summary>
</member>
<member name="P:AirTool.My.Resources.polish.Passenger">
<summary>
  Looks up a localized string similar to Osobowe.
</summary>
</member>
<member name="P:AirTool.My.Resources.polish.Profile">
<summary>
  Looks up a localized string similar to Profil.
</summary>
</member>
<member name="P:AirTool.My.Resources.polish.Real_Passenger_Route">
<summary>
  Looks up a localized string similar to Prawdziwe trasy.
</summary>
</member>
<member name="P:AirTool.My.Resources.polish.Seatplan_Creator">
<summary>
  Looks up a localized string similar to Twórca Seatplan.
</summary>
</member>
<member name="P:AirTool.My.Resources.polish.Select_Your_Flight">
<summary>
  Looks up a localized string similar to Wybierz typ lotu.
</summary>
</member>
<member name="P:AirTool.My.Resources.polish.Settings">
<summary>
  Looks up a localized string similar to Ustawienia.
</summary>
</member>
<member name="P:AirTool.My.Resources.polish.Tools">
<summary>
  Looks up a localized string similar to Narzędzia.
</summary>
</member>
<member name="P:AirTool.My.Resources.polish.Troubleshoot">
<summary>
  Looks up a localized string similar to Troubleshoot.
</summary>
</member>
<member name="P:AirTool.My.Resources.polish.WELCOME_SCREEN">
<summary>
  Looks up a localized string similar to .
</summary>
</member>
<member name="P:AirTool.My.Resources.polish.Workshop">
<summary>
  Looks up a localized string similar to Workshop.
</summary>
</member>
<member name="T:AirTool.My.Resources.english">
<summary>
  A strongly-typed resource class, for looking up localized strings, etc.
</summary>
</member>
<member name="P:AirTool.My.Resources.english.ResourceManager">
<summary>
  Returns the cached ResourceManager instance used by this class.
</summary>
</member>
<member name="P:AirTool.My.Resources.english.Culture">
<summary>
  Overrides the current thread's CurrentUICulture property for all
  resource lookups using this strongly typed resource class.
</summary>
</member>
<member name="P:AirTool.My.Resources.english.AboutDonate">
<summary>
  Looks up a localized string similar to About &amp; Donate.
</summary>
</member>
<member name="P:AirTool.My.Resources.english.Announcements">
<summary>
  Looks up a localized string similar to Announcements.
</summary>
</member>
<member name="P:AirTool.My.Resources.english.Cargo">
<summary>
  Looks up a localized string similar to Cargo.
</summary>
</member>
<member name="P:AirTool.My.Resources.english.Charts">
<summary>
  Looks up a localized string similar to Charts.
</summary>
</member>
<member name="P:AirTool.My.Resources.english.CustomAudio">
<summary>
  Looks up a localized string similar to Custom Audio.
</summary>
</member>
<member name="P:AirTool.My.Resources.english.Events">
<summary>
  Looks up a localized string similar to Events.
</summary>
</member>
<member name="P:AirTool.My.Resources.english.FlightSetup">
<summary>
  Looks up a localized string similar to Flight Setup.
</summary>
</member>
<member name="P:AirTool.My.Resources.english.flyLAT">
<summary>
  Looks up a localized string similar to Social.
</summary>
</member>
<member name="P:AirTool.My.Resources.english.Home">
<summary>
  Looks up a localized string similar to Home.
</summary>
</member>
<member name="P:AirTool.My.Resources.english.Passenger">
<summary>
  Looks up a localized string similar to Passenger.
</summary>
</member>
<member name="P:AirTool.My.Resources.english.Profile">
<summary>
  Looks up a localized string similar to Profile.
</summary>
</member>
<member name="P:AirTool.My.Resources.english.RealPassengerRoute">
<summary>
  Looks up a localized string similar to Real Passenger Route.
</summary>
</member>
<member name="P:AirTool.My.Resources.english.SeatplanCreator">
<summary>
  Looks up a localized string similar to Seatplan Creator.
</summary>
</member>
<member name="P:AirTool.My.Resources.english.SelectYourFlight">
<summary>
  Looks up a localized string similar to Select Your Flight.
</summary>
</member>
<member name="P:AirTool.My.Resources.english.Settings">
<summary>
  Looks up a localized string similar to Logout.
</summary>
</member>
<member name="P:AirTool.My.Resources.english.Tools">
<summary>
  Looks up a localized string similar to Tools.
</summary>
</member>
<member name="P:AirTool.My.Resources.english.Troubleshoot">
<summary>
  Looks up a localized string similar to Troubleshoot.
</summary>
</member>
<member name="P:AirTool.My.Resources.english.WELCOME_SCREEN">
<summary>
  Looks up a localized string similar to .
</summary>
</member>
<member name="P:AirTool.My.Resources.english.Workshop">
<summary>
  Looks up a localized string similar to Workshop.
</summary>
</member>
</members>
</doc>
